"Rank","Name","Symbol","marketcap","price (USD)","country"
"1","Eli Lilly","LLY","683625938944","761.5","United States"
"2","Johnson & Johnson","JNJ","392141275136","162.98","United States"
"3","AbbVie","ABBV","338088951808","191.4","United States"
"4","Novo Nordisk","NVO","291801235456","65.29","Denmark"
"5","Roche","ROG.SW","257315130432","319.62","Switzerland"
"6","Novartis","NVS","225560870912","114.52","Switzerland"
"7","AstraZeneca","AZN","215916675072","69.26","United Kingdom"
"8","Merck","MRK","204699156480","81.52","United States"
"9","Thermo Fisher Scientific","TMO","160427409408","424.98","United States"
"10","Amgen","AMGN","160370802688","298.25","United States"
"11","Pfizer","PFE","139746394112","24.58","United States"
"12","Gilead Sciences","GILD","135339589632","108.8","United States"
"13","Vertex Pharmaceuticals","VRTX","118966337536","463.27","United States"
"14","Sanofi","SNY","118423838720","48.65","France"
"15","Bristol-Myers Squibb","BMY","97805942784","48.06","United States"
"16","CSL","CSL.AX","80344676144","165.929","Australia"
"17","Chugai Pharmaceutical","4519.T","77284952650","46.9643","Japan"
"18","GlaxoSmithKline","GSK","76096118784","36.47","United Kingdom"
"19","Zoetis","ZTS","66794557440","150.03","United States"
"20","Regeneron Pharmaceuticals","REGN","59380748288","550","United States"
"21","Jiangsu Hengrui Medicine","600276.SS","54890999649","8.22671","China"
"22","Samsung Biologics","207940.KS","53665692136","754.007","South Korea"
"23","Lonza","LONN.SW","49784264144","708.885","Switzerland"
"24","Sun Pharmaceutical","SUNPHARMA.NS","47529556362","19.8095","India"
"25","Takeda Pharmaceutical","TAK","46552162304","14.74","Japan"
"26","Daiichi Sankyō","4568.T","44772290138","24.0377","Japan"
"27","Alnylam Pharmaceuticals","ALNY","42335678464","324.69","United States"
"28","UCB","UCB.VI","38347996103","201.787","Belgium"
"29","Galderma Group","GALD.SW","36522636522","153.84","Switzerland"
"30","Argenx","ARGX","35049795584","572.71","Netherlands"
"31","Novozymes","NZYM.VI","33503102616","70.2947","Denmark"
"32","Agilent Technologies","A","33053802496","116.36","United States"
"33","DexCom","DXCM","32976199680","84.1","United States"
"34","BeOne Medicines","ONC","32364443648","290.35","China"
"35","WuXi AppTec","2359.HK","32087954998","11.729","China"
"36","Bayer","BAYN.DE","31884890344","32.4553","Germany"
"37","Celltrion","068270.KS","29379710383","129.761","South Korea"
"38","BioNTech","BNTX","26693462016","111.04","Germany"
"39","Hansoh Pharma","3692.HK","26440772515","4.44694","China"
"40","Sandoz Group","SDZ.SW","24066562009","55.8775","Switzerland"
"41","Otsuka Holdings","4578.T","23640894479","44.7626","Japan"
"42","Divis Laboratories","DIVISLAB.NS","21140347479","78.9694","India"
"43","LabCorp","LH","20693989376","247.24","United States"
"44","Summit Therapeutics","SMMT","20519860224","27.63","United Kingdom"
"45","Royalty Pharma","RPRX","19942653952","35.47","United Kingdom"
"46","Insmed","INSM","19787196416","104.17","United States"
"47","Innovent Biologics","1801.HK","19254801766","11.2639","China"
"48","Biogen","BIIB","18856689664","128.69","United States"
"49","Teva Pharmaceutical Industries","TEVA","18791729152","16.31","Israel"
"50","Alteogen","196170.KQ","18791213633","352.588","South Korea"
"51","Astellas Pharma","4503.T","17485167565","9.76656","Japan"
"52","Sichuan Biokin Pharmaceutical","688506.SS","16682699068","41.6027","China"
"53","bioMérieux","BIM.PA","16284027232","137.271","France"
"54","Akeso","9926.HK","15851466913","17.6603","China"
"55","Illumina","ILMN","15502318592","97.93","United States"
"56","WuXi Biologics","WXXWY","14802862080","7.18","China"
"57","Shionogi","4507.T","14425656500","16.9577","Japan"
"58","Baxter","BAX","14312451072","27.89","United States"
"59","Cipla","CIPLA.NS","14255874731","17.2394","India"
"60","Torrent Pharmaceuticals","TORNTPHARM.NS","13793791391","40.7564","India"
"61","Genmab","GMAB","13538681856","22.01","Denmark"
"62","United Therapeutics","UTHR","13411545088","297.33","United States"
"63","Incyte","INCY","13344715776","68.94","United States"
"64","Neurocrine Biosciences","NBIX","13272303616","134.11","United States"
"65","CSPC Pharmaceutical Group Limited","1093.HK","13036588433","1.14168","China"
"66","Recordati","REC.MI","13003862276","60.861","Italy"
"67","Moderna","MRNA","12453093376","32.2","United States"
"68","Mankind Pharma","MANKIND.NS","12295493685","30.6935","India"
"69","Dr. Reddy's Laboratories","RDY","12248124416","14.69","India"
"70","Exelixis","EXEL","12236407808","44.87","United States"
"71","Zydus Lifesciences","ZYDUSLIFE.NS","11856110365","11.4288","India"
"72","ICON plc","ICLR","11674580992","146.88","Ireland"
"73","Revvity","RVTY","11266015232","95.58","United States"
"74","BioMarin Pharmaceutical","BMRN","11193964544","58.37","United States"
"75","ProKidney","PROK","11142815744","3.73","United States"
"76","Viatris","VTRS","10880014336","9.27","United States"
"77","Ascendis Pharma","ASND","10719571968","177.2","Denmark"
"78","Huadong Medicine (HD Medicine)","000963.SZ","10679258942","6.08824","China"
"79","CSPC Innovation Pharmaceutical","300765.SZ","10647795467","7.58071","China"
"80","Lupin Limited","LUPIN.NS","10641937982","22.7436","India"
"81","Qiagen","QGEN","10446661632","48.24","Netherlands"
"82","Tempus AI","TEM","10381764608","60.65","United States"
"83","Orion Corporation","ORNAV.HE","10287085502","76.1386","Finland"
"84","Ipsen","IPN.PA","10239657617","123.579","France"
"85","Exact Sciences","EXAS","9848790016","52.21","United States"
"86","Swedish Orphan Biovitrum","SOBI.ST","9763496873","28.1289","Sweden"
"87","Medpace","MEDP","9173169152","319.16","United States"
"88","Fosun Pharma","600196.SS","9069602887","3.67411","China"
"89","Verona Pharma","VRNA","8904088576","104.78","United Kingdom"
"90","kyowa Kirin","4151.T","8877179761","16.9577","Japan"
"91","BridgeBio Pharma","BBIO","8875037696","46.74","United States"
"92","Caris Life Sciences","CAI","8695133184","31.285","United States"
"93","Grifols","GRFS","8513355264","10.05","Spain"
"94","Abbott India","ABBOTINDIA.NS","8486956742","397.318","India"
"95","Blueprint Medicines","BPMC","8371673600","129.46","United States"
"96","Shenzhen Salubris Pharmaceuticals","002294.SZ","8370423623","7.50832","China"
"97","Bio-Techne","TECH","8354114048","53.29","United States"
"98","Aurobindo Pharma","AUROPHARMA.NS","8013628729","13.4226","India"
"99","Roivant Sciences","ROIV","7919739904","11.65","United Kingdom"
"100","Legend Biotech","LEGN","7753141760","42.13","United States"
"101","Corcept Therapeutics","CORT","7751889408","73.1","United States"
"102","Madrigal Pharmaceuticals","MDGL","7742957056","348.73","United States"
"103","Charles River Laboratories","CRL","7696430080","156.7","United States"
"104","Giant Biogene","2367.HK","7656258405","7.47952","China"
"105","Eisai","4523.T","7512734319","26.6299","Japan"
"106","Haisco Pharmaceutical Group","002653.SZ","7446695151","6.64931","China"
"107","Elanco","ELAN","7429824512","14.96","United States"
"108","Imeik Technology Development","300896.SZ","7414929439","24.5047","China"
"109","Sinopharm","1099.HK","7411195160","2.40823","China"
"110","Glenmark Pharmaceuticals","GLENMARK.NS","7307643301","25.8952","India"
"111","Revolution Medicines","RVMD","7273765376","39.05","United States"
"112","Financière de Tubize","TUB.BR","7138130635","160.362","Belgium"
"113","Halozyme Therapeutics","HALO","7122789888","57.805","United States"
"114","Yuhan","000100.KS","7069313469","94.574","South Korea"
"115","Alkem Laboratories","ALKEM.NS","6978345264","58.3644","India"
"116","Repligen","RGEN","6968951808","124.04","United States"
"117","Jazz Pharmaceuticals","JAZZ","6950293504","114.86","Ireland"
"118","Tong Ren Tang","600085.SS","6828039891","4.97863","China"
"119","Zhifei Biological Products","300122.SZ","6785410174","2.83459","China"
"120","Ionis Pharmaceuticals","IONS","6711735296","42.17","United States"
"121","Shanghai RAAS Blood Products","002252.SZ","6450652125","0.971779","China"
"122","ALK-Abelló","ALK-B.CO","6449950731","30.1553","Denmark"
"123","TG Therapeutics","TGTX","6221608448","39.19","United States"
"124","Shanghai Allist Pharmaceuticals","688578.SS","6198017087","13.7734","China"
"125","Biocon","BIOCON.NS","6161443494","4.61687","India"
"126","Nuvalent","NUVL","6153296384","85.69","United States"
"127","Pharmaron Beijing","300759.SZ","5993174892","3.66575","China"
"128","Rhythm Pharmaceuticals","RYTM","5983891456","90.68","United States"
"129","Hikma Pharmaceuticals","HIK.L","5917388786","26.7767","United Kingdom"
"130","Changchun High-Tech Industry","000661.SZ","5775434578","14.1576","China"
"131","DiaSorin","DIA.MI","5742352595","104.665","Italy"
"132","Glaukos","GKOS","5656909312","99","United States"
"133","Galenica","GALE.SW","5574475708","111.059","Switzerland"
"134","Axsome Therapeutics","AXSM","5526293504","112.24","United States"
"135","Tiantan Bio","600161.SS","5431593442","2.74688","China"
"136","Bachem","BANB.SW","5412978068","72.1943","Switzerland"
"137","Telix Pharmaceuticals","TLX.AX","5408868611","16.1592","Australia"
"138","Richter Gedeon","RIG2.F","5354187329","29.3572","Hungary"
"139","Lundbeck","HLUN-B.CO","5283132947","5.31915","Denmark"
"140","Ono Pharmaceutical","4528.T","5239421832","10.9146","Japan"
"141","Laurus Labs","LAURUSLABS.NS","5157244072","9.55355","India"
"142","Lantheus Holdings","LNTH","5092075008","73.6","United States"
"143","Siegfried Holding","SFZN.SW","4893505783","111.805","Switzerland"
"144","Alkermes","ALKS","4841492992","29.36","Ireland"
"145","Vaxcyte","PCVX","4820879360","37.37","United States"
"146","CRISPR Therapeutics","CRSP","4757775872","55.09","Switzerland"
"147","Metsera","MTSR","4653980672","44.3","United States"
"148","Genscript Biotech","1548.HK","4651199144","2.133","China"
"149","Cytokinetics","CYTK","4644515840","38.89","United States"
"150","Soleno Therapeutics","SLNO","4622738432","87.64","United States"
"151","SCHOTT Pharma","1SXP.DE","4604751649","29.9373","Germany"
"152","Merus","MRUS","4575848448","61.44","Netherlands"
"153","Ipca Laboratories","IPCALAB.NS","4349219755","17.1429","India"
"154","Krystal Biotech","KRYS","4339139584","150.15","United States"
"155","Akero Therapeutics","AKRO","4331057152","54.33","United States"
"156","China Resources Pharmaceutical Group","3320.HK","4298757144","0.684242","Hong Kong"
"157","ADMA Biologics","ADMA","4199331072","17.59","United States"
"158","Hualan Biological Engineering","002007.SZ","4116599949","2.25263","China"
"159","Avidity Biosciences","RNA","4102500864","34.04","United States"
"160","Scholar Rock Holding","SRRK","4069368576","42.86","United States"
"161","Zai Lab","ZLAB","3975035648","36.01","China"
"162","Zealand Pharma","ZEAL.CO","3963424428","55.834","Denmark"
"163","Arcellx","ACLX","3909820160","70.95","United States"
"164","Gland Pharma","GLAND.NS","3846778222","23.3483","India"
"165","PTC Therapeutics","PTCT","3846342144","48.53","United States"
"166","Amneal Pharmaceuticals","AMRX","3836024832","8.24","United States"
"167","Santen Pharmaceutical","4536.T","3810829947","11.3085","Japan"
"168","ACADIA Pharmaceuticals","ACAD","3774012928","22.55","United States"
"169","Perrigo","PRGO","3732500224","27.15","Ireland"
"170","Viking Therapeutics","VKTX","3601781760","32.07","United States"
"171","SpringWorks Therapeutics","SWTX","3540649728","46.99","United States"
"172","Protagonist Therapeutics","PTGX","3510658304","56.44","United States"
"173","Virbac SA","VIRP.PA","3451062924","411.929","France"
"174","MoonLake Immunotherapeutics","MLTX","3439037696","54.18","Switzerland"
"175","Piramal Pharma","PPLPHARMA.NS","3341110915","2.52218","India"
"176","Jamjoom Pharmaceuticals Factory Company","4015.SR","3292009686","47.0287","Saudi Arabia"
"177","SYNLAB","SYAB.VI","3289739558","14.9687","Germany"
"178","Kymera Therapeutics","KYMR","3251786240","46.35","United States"
"179","Laboratorios Farmaceuticos Rovi","ROVI.MC","3204330378","61.9053","Spain"
"180","Rohto Pharmaceutical","4527.T","3166176899","14.0119","Japan"
"181","Immunovant","IMVT","3127141376","18.28","United States"
"182","Crinetics Pharmaceuticals","CRNX","3093316864","33.02","United States"
"183","HUTCHMED","HCM","2997304320","17.52","Hong Kong"
"184","Aspen Pharmacare","APN.JO","2977341900","6.37094","South Africa"
"185","Sumitomo Pharma","4506.T","2910451380","7.32576","Japan"
"186","Alvotech","ALVO","2700241152","8.73","Iceland"
"187","Almirall","ALM.MC","2669033437","12.3927","Spain"
"188","Catalyst Pharmaceuticals","CPRX","2616363776","21.45","United States"
"189","Mirum Pharmaceuticals","MIRM","2611964672","52.73","United States"
"190","KOBAYASHI Pharmaceutical","4967.T","2603812643","35.0263","Japan"
"191","Arrowhead Pharmaceuticals","ARWR","2603185152","18.85","United States"
"192","Ultragenyx Pharmaceutical","RARE","2591396096","27.41","United States"
"193","Tecan","TECN.SW","2579280678","201.099","Switzerland"
"194","Apellis Pharmaceuticals","APLS","2518667520","20.04","United States"
"195","Organon","OGN","2505975808","9.64","United States"
"196","ImmunityBio","IBRX","2497814528","2.83","United States"
"197","NewAmsterdam Pharma Company","NAMS","2467716608","21.98","Netherlands"
"198","Xenon Pharmaceuticals","XENE","2464683264","32.12","Canada"
"199","Bausch Health","BHC","2394684160","6.48","Canada"
"200","Alembic Pharmaceuticals","APLLTD.NS","2368201506","12.0481","India"
"201","Recursion Pharmaceuticals","RXRX","2355599360","5.52","United States"
"202","Agios Pharmaceuticals","AGIO","2336878336","40.35","United States"
"203","GeneDx Holdings","WGS","2296063232","80.42","United States"
"204","Apogee Therapeutics","APGE","2274195200","39","United States"
"205","BB Biotech","BION.SW","2241163957","40.9785","Switzerland"
"206","Jubilant Pharmova","JUBLPHARMA.NS","2221848135","13.9646","India"
"207","Bavarian Nordic","BAVA.CO","2206698987","28.36","Denmark"
"208","CG Oncology","CGON","2169371904","28.46","United States"
"209","Neuland Laboratories","NEULANDLAB.NS","2163905184","168.661","India"
"210","Sarepta Therapeutics","SRPT","2159145728","21.97","United States"
"211","Natco Pharma","NATCOPHARM.NS","2151157182","12.0103","India"
"212","Twist Bioscience","TWST","2147992064","35.85","United States"
"213","Genus","GNS.L","2133747851","32.481","United Kingdom"
"214","Centessa Pharmaceuticals","CNTA","2132559232","15.96","United Kingdom"
"215","Denali Therapeutics","DNLI","2110860288","14.53","United States"
"216","Kiniksa Pharmaceuticals","KNSA","2104483712","28.84","Bermuda"
"217","Harmony Biosciences","HRMY","2091967232","36.43","United States"
"218","Beam Therapeutics","BEAM","2056390784","20.45","United States"
"219","Galapagos NV","GLPG","2053812224","30.66","Belgium"
"220","Indivior PLC","INDV","2016283136","16.16","United States"
"221","Disc Medicine","IRON","2001516288","57.79","United States"
"222","Belite Bio","BLTE","1984907392","60.99","United States"
"223","Vitrolife AB","VITR.ST","1973074937","14.5671","Sweden"
"224","Amicus Therapeutics","FOLD","1936886016","6.29","United States"
"225","IDEAYA Biosciences","IDYA","1934686336","22.09","United States"
"226","Fagron","FAGR.BR","1886933103","25.1799","Belgium"
"227","Supernus Pharmaceuticals","SUPN","1880690688","33.59","United States"
"228","Vericel","VCEL","1868731520","36.26","United States"
"229","Arcutis Biotherapeutics","ARQT","1845246848","15.48","United States"
"230","BioCryst Pharmaceuticals","BCRX","1820475008","8.7","United States"
"231","Immunocore","IMCR","1818958592","36.21","United Kingdom"
"232","Ocular Therapeutix","OCUL","1812834048","11.38","United States"
"233","Novocure","NVCR","1807187968","16.21","Jersey"
"234","ARS Pharmaceuticals","SPRY","1802219648","18.35","United States"
"235","Tarsus Pharmaceuticals","TARS","1745693184","41.4","United States"
"236","Certara","CERT","1709946368","10.54","United States"
"237","BioArctic AB","BIOA-B.ST","1709662512","19.7169","Sweden"
"238","Pharma Mar","PHM.MC","1701418063","95.0917","Spain"
"239","Cogent Biosciences","COGT","1700826368","12.2","United States"
"240","Faes Farma","FAE.MC","1648702352","5.29705","Spain"
"241","Janux Therapeutics","JANX","1642111744","27.75","United States"
"242","Biotest","BIO.F","1620875646","48.9673","Germany"
"243","Adaptive Biotechnologies","ADPT","1595128448","10.5","United States"
"244","Mesoblast","MESO","1578804352","12.34","Australia"
"245","89bio","ETNB","1554729600","10.65","United States"
"246","Biohaven","BHVN","1542927360","15.11","United States"
"247","10x Genomics","TXG","1533018240","12.45","United States"
"248","Celldex Therapeutics","CLDX","1525074688","22.97","United States"
"249","Evotec","EVO","1521392512","4.24","Germany"
"250","Vera Therapeutics","VERA","1515275008","23.76","United States"
"251","ChemoMetec","CHEMM.CO","1491959140","81.6836","Denmark"
"252","Nipro Corporation","8086.T","1486913904","9.1168","Japan"
"253","Travere Therapeutics","TVTX","1479487488","16.51","United States"
"254","Azenta","AZTA","1469992576","32.11","United States"
"255","Artivion","AORT","1451094528","30.85","United States"
"256","HBM Healthcare Investments","HBMN.SW","1418515474","207.691","Switzerland"
"257","Nippon Shinyaku","4516.T","1418191277","21.0481","Japan"
"258","Granules India","GRANULES.NS","1417814881","5.84319","India"
"259","PeptiDream","4587.T","1412914578","10.9011","Japan"
"260","Viridian Therapeutics","VRDN","1391143552","17.05","United States"
"261","Kuros Biosciences","KURN.SW","1388656555","36.1158","Switzerland"
"262","Enliven Therapeutics","ELVN","1376831232","23.34","United States"
"263","Dyne Therapeutics","DYN","1330522880","9.4","United States"
"264","Harrow Health","HROW","1326323584","36.14","United States"
"265","Pharvaris","PHVS","1293121280","23.73","Netherlands"
"266","GRAIL","GRAL","1292168064","35.92","United States"
"267","Dynavax Technologies","DVAX","1281264256","10.67","United States"
"268","Innoviva","INVA","1271196672","19.88","United States"
"269","Cosmo Pharmaceuticals","C43.F","1254373689","78.3244","Ireland"
"270","Liquidia Technologies","LQDA","1248073728","14.6","United States"
"271","Wave Life Sciences","WVE","1246059776","8.01","Singapore"
"272","Neuren Pharmaceuticals","NEU.AX","1241659574","9.85522","Australia"
"273","Aurinia Pharmaceuticals","AUPH","1225393280","9.07","Canada"
"274","Intellia Therapeutics","NTLA","1225386880","11.83","United States"
"275","Curevac","CVAC","1215858688","5.4","Germany"
"276","AbCellera","ABCL","1211846912","3.9","Canada"
"277","MannKind Corp","MNKD","1185338752","3.9","United States"
"278","Kissei Pharmaceutical","4547.T","1178762386","28.4479","Japan"
"279","Biotage AB","BIOT.ST","1174811875","14.6346","Sweden"
"280","Novavax","NVAX","1133789952","7","United States"
"281","Structure Therapeutics","GPCR","1123693696","19.53","United States"
"282","Praxis Precision Medicines","PRAX","1119072896","54.94","United States"
"283","Vetoquinol","VETO.PA","1096695158","92.945","France"
"284","Zymeworks","ZYME","1083748224","14.48","Canada"
"285","Ardelyx","ARDX","1081432576","4.52","United States"
"286","GH Research","GHRS","1070007168","17.25","Ireland"
"287","Genomma Lab Internacional","LABB.MX","1069423749","1.0982","Mexico"
"288","Towa Pharmaceutical","4553.T","1059007289","21.5127","Japan"
"289","Avadel Pharmaceuticals","AVDL","1050401408","10.84","Ireland"
"290","Pacira Biosciences","PCRX","1046486592","22.29","United States"
"291","Collegium Pharmaceutical","COLL","1036907328","32.26","United States"
"292","Biolife Solutions","BLFS","1024630016","21.42","United States"
"293","Amphastar Pharmaceuticals","AMPH","1022918528","21.7","United States"
"294","Spyre Therapeutics","SYRE","1019372288","16.89","United States"
"295","Akebia Therapeutics","AKBA","1019027712","3.88","United States"
"296","Sana Biotechnology","SANA","1003719744","4.45","United States"
"297","Arcus Biosciences","RCUS","997436736","9.42","United States"
"298","MiMedx Group","MDXG","992557440","6.72","United States"
"299","Verve Therapeutics","VERV","984220992","10.95","United States"
"300","Replimune","REPL","973606208","12.5","United States"
"301","LENZ Therapeutics","LENZ","973014144","34.57","United States"
"302","FDC India","FDC.NS","968961694","5.80074","India"
"303","Strides Pharma","STAR.NS","960168839","10.4182","India"
"304","Nurix Therapeutics","NRIX","949501440","12.09","United States"
"305","Anavex Life Sciences","AVXL","944708800","11.06","United States"
"306","Mineralys Therapeutics","MLYS","934613824","14.34","United States"
"307","Integra LifeSciences","IART","930993344","11.98","United States"
"308","Oculis Holding AG","OCS","927282304","18.17","Switzerland"
"309","Maravai LifeSciences","MRVI","920665536","2.51","United States"
"310","Immunome","IMNM","909278592","10.45","United States"
"311","BML, Inc.","4694.T","903483835","23.1623","Japan"
"312","PolyPeptide Group","PPGN.SW","876125828","26.5521","Switzerland"
"313","SD BioSensor","137310.KS","871012069","7.28155","South Korea"
"314","NeoGenomics","NEO","864830400","6.72","United States"
"315","Xeris Pharmaceuticals","XERS","837610688","5.23","United States"
"316","ArriVent BioPharma","AVBP","833717184","22.72","United States"
"317","Trevi Therapeutics","TRVI","832804224","6.84","United States"
"318","uniQure","QURE","832177216","15.2","Netherlands"
"319","Syndax Pharmaceuticals","SNDX","832078336","9.67","United States"
"320","Basilea Pharmaceutica","BSLN.SW","831306646","67.7793","Switzerland"
"321","SPIMACO (Saudi Pharmaceutical Industries and Medical Appliances Corporation)","2070.SR","829668359","6.61175","Saudi Arabia"
"322","Geron","GERN","821624192","1.29","United States"
"323","MedCap","MCAP.ST","821521004","54.9858","Sweden"
"324","Sionna Therapeutics","SION","808208192","18.33","United States"
"325","KalVista Pharmaceuticals","KALV","799758720","16.01","United States"
"326","AnaptysBio","ANAB","783871744","26.68","United States"
"327","Iovance Biotherapeutics","IOVA","781405568","2.34","United States"
"328","Regencell Bioscience","RGC","780774016","60","Hong Kong"
"329","Nuvation Bio","NUVB","759949120","2.24","United States"
"330","Vir Biotechnology","VIR","758926592","5.49","United States"
"331","Immatics","IMTX","754825536","6.21","Germany"
"332","Maze Therapeutics","MAZE","747180224","17.06","United States"
"333","Tango Therapeutics","TNGX","743582848","6.86","United States"
"334","Amylyx Pharmaceuticals","AMLX","738088320","8.28","United States"
"335","Mochida Pharmaceutical","4534.T","718476694","20.267","Japan"
"336","SI-BONE","SIBN","712940544","16.73","United States"
"337","Pharming Group","PHAR","711901376","10.31","Netherlands"
"338","UroGen Pharma","URGN","710516544","15.41","United States"
"339","EyePoint Pharmaceuticals","EYPT","708760512","10.3","United States"
"340","MeiraGTx","MGTX","692749760","8.62","United States"
"341","Zevra Therapeutics","ZVRA","692243712","12.66","United States"
"342","Taysha Gene Therapies","TSHA","677362688","2.59","United States"
"343","Stoke Therapeutics","STOK","674271744","12.35","United States"
"344","Takara Bio","4974.T","671328001","5.57512","Japan"
"345","Mind Medicine (MindMed)","MNMD","670913280","8.88","United States"
"346","Gyre Therapeutics","GYRE","669952256","7.39","United States"
"347","Idorsia","IDIA.SW","660600609","3.22729","Switzerland"
"348","Day One Biopharmaceuticals","DAWN","658852992","6.5","United States"
"349","Abivax","ABVX","656299456","10.34","France"
"350","Autolus Therapeutics","AUTL","649375552","2.42","United Kingdom"
"351","Xencor","XNCR","645519104","9.07","United States"
"352","Avalon Pharma (Middle East Pharmaceutical)","4016.SR","643513997","31.859","Saudi Arabia"
"353","Bicara Therapeutics","BCAX","635346688","11.65","United States"
"354","Tilray","TLRY","628722048","0.6113","Canada"
"355","Relay Therapeutics","RLAY","625774208","3.65","United States"
"356","Advanced Medical Solutions Group","AMS.L","622861424","2.77834","United Kingdom"
"357","Zeria Pharmaceutical","4559.T","616448766","13.9849","Japan"
"358","Formycon AG","FYB.DE","610813524","34.5788","Germany"
"359","SPARC","SPARC.NS","609198140","1.87722","India"
"360","Evolus","EOLS","602202112","9.34","United States"
"361","Arbutus Biopharma","ABUS","601394816","3.14","United States"
"362","Upstream Bio","UPB","593882432","11.04","United States"
"363","atai Life Sciences","ATAI","591881728","2.79","Germany"
"364","Keros Therapeutics","KROS","583237120","14.36","United States"
"365","Phathom Pharmaceuticals","PHAT","581551360","8.32","United States"
"366","Theravance Biopharma","TBPH","581015104","11.62","Cayman Islands"
"367","Tyra Biosciences","TYRA","580703744","10.86","United States"
"368","KYORIN Pharmaceutical","4569.T","580224468","10.0999","Japan"
"369","DRI Healthcare Trust","DHT-UN.TO","576211215","10.1328","Canada"
"370","Sage Therapeutics","SAGE","572367872","9.14","United States"
"371","Personalis","PSNL","572346688","6.48","United States"
"372","Kura Oncology","KURA","571393024","6.6","United States"
"373","Ginkgo Bioworks","DNA","571271360","9.76","United States"
"374","Arvinas","ARVN","566413312","7.76","United States"
"375","Regulus Therapeutics","RGLS","564950208","8.16","United States"
"376","Septerna","SEPN","562325760","12.62","United States"
"377","JCR Pharmaceuticals","4552.T","559415308","4.51127","Japan"
"378","Bicycle Therapeutics","BCYC","556801408","8.04","United Kingdom"
"379","PolyNovo","PNV.AX","556154844","0.805038","Australia"
"380","Valneva SE","VALN","553162368","6.5","France"
"381","Organogenesis","ORGO","553083456","4.36","United States"
"382","Fulgent Genetics","FLGT","551942464","18.13","United States"
"383","Zenas BioPharma","ZBIO","551374784","13.18","United States"
"384","Aarti Drugs","AARTIDRUGS.NS","549600575","6.0217","India"
"385","Prime Medicine","PRME","543363584","3.9","United States"
"386","Precigen","PGEN","543131712","1.82","United States"
"387","Rapport Therapeutics","RAPP","541625856","14.84","United States"
"388","Axogen","AXGN","529676736","11.63","United States"
"389","Opthea","OPT","524819488","3.41","Australia"
"390","Nxera Pharma","4565.T","522394574","5.81078","Japan"
"391","Oxford Biomedica","OXB.L","516398901","4.86545","United Kingdom"
"392","Pharmanutra","PHN.MI","516355786","53.3186","Italy"
"393","aTyr Pharma","ATYR","515335488","5.79","United States"
"394","Allergy Therapeutics","AGY.L","511798125","0.107375","United Kingdom"
"395","COLTENE Holding AG","CLTN.SW","509803675","84.9418","Switzerland"
"396","Hikal","HIKAL.NS","504810086","4.09413","India"
"397","Lexicon Pharmaceuticals","LXRX","490290272","1.35","United States"
"398","RPG Life Sciences","RPGLIFE.NS","490232510","29.641","India"
"399","Terns Pharmaceuticals","TERN","489091680","5.6","United States"
"400","Rezolute","RZLT","480953472","5.54","United States"
"401","Shinpoong Pharm","019170.KS","480482122","9.75182","South Korea"
"402","SIGA Technologies","SIGA","478655392","6.7","United States"
"403","Tourmaline Bio","TRML","477806112","18.6","United States"
"404","Gulf Pharmaceutical Industries","JULPHAR.AE","462380514","0.4","United Arab Emirates"
"405","Nektar Therapeutics","NKTR","461404352","26.67","United States"
"406","Cullinan Therapeutics","CGEM","458544224","7.77","United States"
"407","Inventiva","IVA","453497312","3.2606","France"
"408","Boiron","BOI.PA","452256089","25.76","France"
"409","Solid Biosciences","SLDB","448814176","5.79","United States"
"410","PureTech Health","PRTC","444469888","18.5","United States"
"411","Myriad Genetics","MYGN","444295072","4.82","United States"
"412","Aura Biosciences","AURA","441470624","7.12","United States"
"413","REGENXBIO","RGNX","437877792","8.69","United States"
"414","Compass Therapeutics","CMPX","435588320","3.15","United States"
"415","Kamada","KMDA","434979680","7.43","Israel"
"416","Tectonic Therapeutic","TECX","434695808","23.28","United States"
"417","Aquestive Therapeutics","AQST","434062944","4.37","United States"
"418","Fulcrum Therapeutics","FULC","428595648","7.94","United States"
"419","Erasca","ERAS","422097632","1.49","United States"
"420","Pacific Biosciences","PACB","417118144","1.39","United States"
"421","MBX Biosciences","MBX","407610560","12.195","United States"
"422","Savara","SVRA","404438560","2.34","United States"
"423","Emergent BioSolutions","EBS","395142400","7.28","United States"
"424","iTeos Therapeutics","ITOS","392689184","10.26","United States"
"425","Gossamer Bio","GOSS","388686432","1.71","United States"
"426","Medios AG","ILM1.DE","383233783","14.7134","Germany"
"427","PharmaSGP","PSG.DE","379386171","32.9543","Germany"
"428","Vigil Neuroscience","VIGL","377105728","8.08","United States"
"429","CytomX Therapeutics","CTMX","376530304","2.38","United States"
"430","Humacyte","HUMA","375388000","2.42","United States"
"431","Absci","ABSI","367369920","2.88","United States"
"432","Arcturus Therapeutics","ARCT","367212928","13.54","United States"
"433","Quantum-Si","QSI","367090368","1.82","United States"
"434","Clinuvel Pharmaceuticals","CUV.AX","366091340","7.30377","Australia"
"435","Indoco Remedies","INDOCO.NS","363279872","3.94178","India"
"436","Monte Rosa Therapeutics","GLUE","362907840","5.9","United States"
"437","Alumis","ALMS","362193376","3.51","United States"
"438","Rocket Pharmaceuticals","RCKT","359844896","3.34","United States"
"439","Celon Pharma","CLN.WA","358547579","6.51581","Poland"
"440","ADC Therapeutics","ADCT","349131712","3.11","Switzerland"
"441","Euroapi","EAPI.PA","348901994","3.40914","France"
"442","Prothena","PRTA","348260672","6.47","Ireland"
"443","Tonix Pharmaceuticals","TNXP","347186272","47.19","United States"
"444","Inhibrx","INBX","341920768","23.62","United States"
"445","Foghorn Therapeutics","FHTX","340022528","6.1","United States"
"446","Abeona Therapeutics","ABEO","339168928","6.63","United States"
"447","Rigel Pharmaceuticals","RIGL","337967072","18.91","United States"
"448","Altimmune","ALT","328483360","4.05","United States"
"449","Corvus Pharmaceuticals","CRVS","327737056","4.25","United States"
"450","Capricor Therapeutics","CAPR","327267840","7.16","United States"
"451","Amarin Corporation","AMRN","326963520","15.79","Ireland"
"452","Cartesian Therapeutics","RNAC","325207360","12.53","United States"
"453","Guerbet","GBT.PA","325187759","25.1799","France"
"454","Neurogene","NGNE","322323456","22.6","United States"
"455","XOMA","XOMA","314729472","26.3","United States"
"456","Olema Pharmaceuticals","OLMA","308580064","4.51","United States"
"457","Benitec Biopharma","BNTC","308180864","11.74","United States"
"458","Sagimet Biosciences","SGMT","307465120","9.55","United States"
"459","Perspective Therapeutics","CATX","306562912","4.13","United States"
"460","Heron Therapeutics","HRTX","305128000","2","United States"
"461","Aldeyra Therapeutics","ALDX","301274880","5.03","United States"
"462","Vor Biopharma","VOR","297404800","2.38","United States"
"463","Atea Pharmaceuticals","AVIR","296105088","3.46","United States"
"464","Silence Therapeutics","SLN","293772448","6.22","United Kingdom"
"465","Eurobio Scientific","ALERS.PA","292824910","28.893","France"
"466","Ocugen","OCGN","292031008","1","United States"
"467","Monopar Therapeutics","MNPR","288943680","47.25","United States"
"468","Vanda Pharmaceuticals","VNDA","286421664","4.86","United States"
"469","Lifecore Biomedical","LFCR","284354304","7.68","United States"
"470","Mereo BioPharma Group","MREO","283020000","1.78","United Kingdom"
"471","Laboratorio Reig Jofre","RJF.MC","281441963","3.45788","Spain"
"472","Verastem Oncology","VSTM","280790432","5.11","United States"
"473","Neumora Therapeutics","NMRA","276589088","1.71","United States"
"474","Kodiak Sciences","KOD","273842560","5.19","United States"
"475","Allogene Therapeutics","ALLO","271226464","1.24","United States"
"476","Cereno Scientific","CRNO-B.ST","270000086","0.93917","Sweden"
"477","DBV Technologies","DBVT","268256224","9.71","France"
"478","Mayne Pharma Group","MYX.AX","265839432","3.24612","Australia"
"479","Quanterix","QTRX","264066768","5.51","United States"
"480","Cerus","CERS","261889200","1.37","United States"
"481","Alpha Tau Medical","DRTS","259549200","3.06","Israel"
"482","Aardvark Therapeutics","AARD","259390880","11.96","United States"
"483","Inozyme Pharma","INZY","258247200","4","United States"
"484","Nanobiotix","NBTX","257573648","5.3","France"
"485","BICO Group","BICO.ST","257295009","3.56587","Sweden"
"486","Oryzon Genomics","ORY.MC","256787668","3.31283","Spain"
"487","Annexon","ANNX","256730752","2.34","United States"
"488","scPharmaceuticals","SCPH","256569120","4.86","United States"
"489","ProQR","PRQR","252823216","2.4","Netherlands"
"490","Third Harmonic Bio","THRD","246849024","5.45","United States"
"491","Immutep","IMMP","245994736","1.69","Australia"
"492","Esperion Therapeutics","ESPR","245766768","1.24","United States"
"493","OraSure Technologies","OSUR","245344320","3.28","United States"
"494","Sanara MedTech","SMTI","244060352","27.46","United States"
"495","Entrada Therapeutics","TRDA","242142704","6.38","United States"
"496","Tevogen Bio","TVGN","240179312","1.24","United States"
"497","OmniAb","OABI","239776608","1.96","United States"
"498","Codexis","CDXS","238593040","2.88","United States"
"499","Lineage Cell Therapeutics","LCTX","232923248","0.99","United States"
"500","Ventyx Biosciences","VTYX","232697120","3.27","United States"
"501","Lexeo Therapeutics","LXEO","229963328","4.26","United States"
"502","MaxCyte","MXCT","228794416","2.15","United States"
"503","Editas Medicine","EDIT","228536208","2.73","United States"
"504","Design Therapeutics","DSGN","228210176","4.02","United States"
"505","Eledon Pharmaceuticals","ELDN","224556752","3.75","United States"
"506","CapsoVision","CV","217817264","4.7","United States"
"507","MediWound","MDWD","216694384","20.05","Israel"
"508","CARGO Therapeutics","CRGX","213513040","4.59","United States"
"509","Larimar Therapeutics","LRMR","212572624","3.32","United States"
"510","Santhera Pharmaceuticals","SANN.SW","209623140","16.2919","Switzerland"
"511","AC Immune","ACIU","208242000","2.07","Switzerland"
"512","4basebio","4BB.L","204719508","13.2206","United Kingdom"
"513","Botanix Pharmaceuticals","BOT.AX","204623451","0.0973836","Australia"
"514","Omeros Corporation","OMER","203902592","3.48","United States"
"515","4D Molecular Therapeutics","FDMT","201975264","4.36","United States"
"516","Cellectis","CLLS","201812368","1.93","France"
"517","Global Cord Blood","CORBF","200871744","0.75","Hong Kong"
"518","Genfit","GNFT","199114416","3.83","France"
"519","Bliss GVS Pharma","BLISSGVS.NS","198042787","1.8207","India"
"520","Y-mAbs Therapeutics","YMAB","197036496","4.32","United States"
"521","Cybin","CYBN","194779664","8.46","Canada"
"522","Hester Biosciences","HESTERBIO.NS","192101565","22.582","India"
"523","Bioventix","BVXP.L","191097808","36.5747","United Kingdom"
"524","SELLAS Life Sciences","SLS","189577248","1.9","United States"
"525","enGene","ENGN","188067136","3.68","Canada"
"526","Agenus","AGEN","184240896","6.72","United States"
"527","Bright Minds Biosciences","DRUG","184093408","25.99","United States"
"528","Sight Sciences","SGHT","183025440","3.54","United States"
"529","Galectin Therapeutics","GALT","182912736","2.89","United States"
"530","Instil Bio","TIL","181710064","27.7","United States"
"531","Voyager Therapeutics","VYGR","178183216","3.22","United States"
"532","Avacta Group","AVCT.L","177906929","0.459701","United Kingdom"
"533","Tiziana Life Sciences","TLSA","176440480","1.51","United Kingdom"
"534","I-Mab Biopharma","IMAB","176386256","2.16","China"
"535","Kyverna Therapeutics","KYTX","175900928","4.07","United States"
"536","Newron Pharmaceuticals","NWRN.SW","175232433","8.7056","Italy"
"537","Aclaris Therapeutics","ACRS","172166800","1.59","United States"
"538","BioAge Labs","BIOA","172080000","4.8","United States"
"539","Profound Medical","PROF","171152416","5.695","Canada"
"540","AFT Pharmaceuticals","AFT.NZ","170517547","1.59069","New Zealand"
"541","Journey Medical","DERM","170059344","7.3","United States"
"542","Alector","ALEC","166987632","1.67","United States"
"543","Puma Biotechnology","PBYI","166784016","3.36","United States"
"544","Nuvectis Pharma","NVCT","166103328","7.95","United States"
"545","Greenwich LifeSciences","GLSI","164430096","12.3","United States"
"546","Innate Pharma","IPHA","163168736","1.7704","France"
"547","Selvita","SLV.WA","159634792","8.69684","Poland"
"548","C4 Therapeutics","CCCC","154795488","2.18","United States"
"549","Immuneering","IMRX","154738512","4.3","United States"
"550","Enanta Pharmaceuticals","ENTA","154552816","7.23","United States"
"551","Cabaletta Bio","CABA","151104416","1.68","United States"
"552","Compugen","CGEN","148685680","1.59","Israel"
"553","Carbios SAS","ALCRB.PA","145006895","8.19216","France"
"554","Xlife Sciences","XLS.SW","144661773","24.5","Switzerland"
"555","Theratechnologies","THTX","144607104","3.145","Canada"
"556","Avita Medical","RCEL","143540416","5.43","United States"
"557","Nkarta","NKTX","141915200","2","United States"
"558","Lyell Immunopharma","LYEL","140973120","9.52","United States"
"559","Tenaya Therapeutics","TNYA","140885904","0.8661","United States"
"560","Milestone Pharmaceuticals","MIST","140191104","1.65","Canada"
"561","OSE Immunotherapeutics","OSE.PA","139795579","6.10931","France"
"562","Spero Therapeutics","SPRO","138658288","2.48","United States"
"563","Achieve Life Sciences","ACHV","136634032","2.75","Canada"
"564","Sensorion","ALSEN.PA","135210023","0.382919","France"
"565","Molecular Partners","MOLN","134592288","3.65","Switzerland"
"566","Race Oncology","RAC.AX","132561417","0.7531","Australia"
"567","Fate Therapeutics","FATE","131827944","1.15","United States"
"568","IO Biotech","IOBT","131761800","2","Denmark"
"569","Korro Bio","KRRO","129870472","13.83","United States"
"570","Genelux","GNLX","128386720","3.4","United States"
"571","Ironwood Pharmaceuticals","IRWD","127967256","0.7908","United States"
"572","Oncolytics Biotech","ONCY","127514648","1.32","Canada"
"573","Seer Inc","SEER","124753936","2.12","United States"
"574","Transgene SA","TNG.PA","123454906","0.907403","France"
"575","Lucid Diagnostics","LUCD","123342296","1.14","United States"
"576","Seres Therapeutics","MCRB","122952472","14.08","United States"
"577","Orchestra BioMed","OBIO","121450624","3.17","United States"
"578","Zura Bio","ZURA","121275000","1.96","United States"
"579","Protara Therapeutics","TARA","121147168","3.14","United States"
"580","Protalix BioTherapeutics","PLX","119410656","1.5","Israel"
"581","Sangamo Therapeutics","SGMO","118504624","0.4829","United States"
"582","Skye Bioscience","SKYE","115261968","3.72","United States"
"583","Procaps Group","PROC","113952240","1.01","Luxembourg"
"584","Sera Prognostics","SERA","113018400","3","United States"
"585","MDxHealth","MDXH","112358872","2.27","Belgium"
"586","Atossa Therapeutics","ATOS","112313312","0.8695","United States"
"587","Prenetics","PRE","109745768","8.06","Hong Kong"
"588","OKYO Pharma","OKYO","108530472","2.9","United Kingdom"
"589","Anixa Biosciences","ANIX","107907184","3.35","United States"
"590","Vistin Pharma","VISTN.OL","106837649","2.38012","Norway"
"591","HilleVax","HLVX","106714496","2.13","United States"
"592","iCAD","ICAD","106312376","3.87","United States"
"593","Coherus BioSciences","CHRS","104340096","0.8958","United States"
"594","Zentalis Pharmaceuticals","ZNTL","103610744","1.44","United States"
"595","Corbus Pharmaceuticals","CRBP","103523328","8.46","United States"
"596","VITA 34","V3V.DE","103158708","5.91785","Germany"
"597","Eurofins-Cerep","ALECR.PA","102998838","18333.7","France"
"598","TScan Therapeutics","TCRX","102429120","1.89","United States"
"599","Nanoform Finland","NANOFS.ST","102030013","1.18589","Finland"
"600","Cassava Sciences","SAVA","101446584","2.1","United States"
"601","Synthaverse","SVE.WA","100136158","1.41494","Poland"
"602","Coya Therapeutics","COYA","99681000","5.96","United States"
"603","Contineum Therapeutics","CTNM","99346944","3.84","United States"
"604","Outlook Therapeutics","OTLK","98992048","2.31","United States"
"605","hVIVO","HVO.L","98669360","0.136232","United Kingdom"
"606","MacroGenics","MGNX","97159056","1.54","United States"
"607","Quince Therapeutics","QNCX","95417480","1.83","United States"
"608","Zomedica Pharmaceuticals","ZOM","95349136","0.0973","United States"
"609","Vivani Medical","VANI","94197800","1.59","United States"
"610","Entera Bio","ENTX","92722488","2.04","Israel"
"611","Nautilus Biotechnology","NAUT","92706168","0.7349","United States"
"612","MiNK Therapeutics","INKT","92666592","23.25","United States"
"613","Vaxart","VXRT","92407496","0.4049","United States"
"614","XBiotech","XBIT","91463104","3","United States"
"615","Veru","VERU","89973256","0.6138","United States"
"616","Acumen Pharmaceuticals","ABOS","89648632","1.48","United States"
"617","Immunic","IMUX","89110280","0.93","United States"
"618","BeyondSpring","BYSI","88695864","2.2","United States"
"619","Fractyl Health","GUTS","87668112","1.79","United States"
"620","Armata Pharmaceuticals","ARMP","87588272","2.42","United States"
"621","Pliant Therapeutics","PLRX","87168544","1.42","United States"
"622","Whitehawk Therapeutics","WHWK","87152208","1.85","United States"
"623","Oramed Pharmaceuticals","ORMP","86603056","2.12","United States"
"624","Invivyd","IVVD","86575856","0.7217","United States"
"625","ESSA Pharma","EPIX","82913184","1.87","Canada"
"626","Context Therapeutics","CNTX","81801256","0.9119","United States"
"627","InterCure","INCR","81768896","1.5","Israel"
"628","Immix Biopharma","IMMX","81401720","2.92","United States"
"629","Eyenovia","EYEN","80750976","15.82","United States"
"630","Rafael Holdings","RFL","80031872","2.28","United States"
"631","ImmunoPrecise Antibodies","IPA","79631272","1.74","United States"
"632","Metagenomi","MGX","79622600","2.13","United States"
"633","Adagene","ADAG","79615224","1.69","China"
"634","Verrica Pharmaceuticals","VRCA","79098304","0.8552","United States"
"635","Alto Neuroscience","ANRO","77967648","2.88","United States"
"636","eXoZymes","EXOZ","77402240","9.25","United States"
"637","IGM Biosciences","IGMS","76440280","1.27","United States"
"638","VistaGen Therapeutics","VTGN","74060560","2.54","United States"
"639","Pyxis Oncology","PYXS","73717720","1.17","United States"
"640","Adaptimmune Therapeutics","ADAP","73286872","0.2765","United Kingdom"
"641","Renovaro Biosciences","RENB","71124064","0.3151","United States"
"642","Inovio Pharmaceuticals","INO","69815472","1.37","United States"
"643","PMV Pharmaceuticals","PMVP","69616592","1.33","United States"
"644","Genenta Science","GNTA","69135824","3.78","Italy"
"645","Curatis","CURN.SW","67948228","13.5559","Switzerland"
"646","Applied Therapeutics","APLT","66526564","0.4699","United States"
"647","Atara Biotherapeutics","ATRA","65985568","9.71","United States"
"648","CervoMed","CRVO","65879592","7.57","United States"
"649","Infant Bacterial Therapeutics AB","IBT-B.ST","65439948","4.88307","Sweden"
"650","Adicet Bio","ACET","65340584","0.79","United States"
"651","Repare Therapeutics","RPTX","65194928","1.52","Canada"
"652","Clearside Biomedical","CLSD","64964312","0.6018","United States"
"653","Sutro Biopharma","STRO","64688988","0.7659","United States"
"654","Akoya Biosciences","AKYA","64440916","1.29","United States"
"655","Assertio Therapeutics","ASRT","64173072","0.67","United States"
"656","Inotiv","NOTV","63724780","1.77","United States"
"657","Cue Biopharma","CUE","63293916","0.84","United States"
"658","Artiva Biotherapeutics","ARTV","63100428","2.59","United States"
"659","Werewolf Therapeutics","HOWL","62823040","1.4","United States"
"660","Captor Therapeutics","CTX.WA","62100018","11.2323","Poland"
"661","Cytosorbents","CTSO","61984296","0.99","United States"
"662","Barinthus Biotherapeutics","BRNS","61719280","1.53","United Kingdom"
"663","INmune Bio","INMB","61017824","2.24","United States"
"664","Nykode Therapeutics","NYKD.OL","60844989","0.186329","Norway"
"665","Ikena Oncology","IKNA","60805204","1.26","United States"
"666","MediciNova","MNOV","60326828","1.23","United States"
"667","Adverum Biotechnologies","ADVM","59329588","2.84","United States"
"668","NRx Pharmaceuticals","NRXP","59095300","3.03","United States"
"669","InflaRx","IFRX","58797712","0.8679","Germany"
"670","Fortress Biotech","FBIO","58252804","1.93","United States"
"671","Nectar Lifesciences","NECLIFE.NS","58045340","0.203398","India"
"672","Adlai Nortye","ANL","55350448","1.5","Cayman Islands"
"673","PDS Biotechnology","PDSB","55309084","1.2","United States"
"674","electroCore","ECOR","54838380","7.39","United States"
"675","MAIA Biotechnology","MAIA","54771668","1.78","United States"
"676","Annovis Bio","ANVS","54756220","2.81","United States"
"677","Fermentalg","ALGAE.PA","54642668","0.572639","France"
"678","Kronos Bio","KRON","53652896","0.88","United States"
"679","Serina Therapeutics","SER","52926788","5.31","United States"
"680","Celularity","CELU","52688240","2.2","United States"
"681","Senti Biosciences","SNTI","52423012","2.01","United States"
"682","Precision BioSciences","DTIL","51449248","4.64","United States"
"683","Scilex Holding","SCLX","50813580","9.25","United States"
"684","OS Therapies","OSTX","50772960","1.68","United States"
"685","Jasper Therapeutics","JSPR","50624476","3.37","United States"
"686","Actinium Pharmaceuticals","ATNM","50537360","1.62","United States"
"687","BRAIN Biotech","BNN.DE","49941489","2.28591","Germany"
"688","Burning Rock Biotech","BNR","49526152","4.61","China"
"689","OpGen","OPGN","47320068","4.7","United States"
"690","Grace Therapeutics","GRCE","46325808","3.35","United States"
"691","Prelude Therapeutics","PRLD","46303268","0.82","United States"
"692","Lantern Pharma","LTRN","46158520","4.28","United States"
"693","Biodesix","BDSX","45522472","0.3106","United States"
"694","Mersana Therapeutics","MRSN","45278440","0.3633","United States"
"695","PepGen","PEPG","44173216","1.35","United States"
"696","Mural Oncology","MURA","42999560","2.49","Ireland"
"697","vTv Therapeutics","VTVT","42294276","16.16","United States"
"698","Acrivon Therapeutics","ACRV","41389128","1.32","United States"
"699","Futura Medical","FUM.L","41228392","0.135696","United Kingdom"
"700","Iterum Therapeutics","ITRM","39200000","0.98","Ireland"
"701","Cryo-Cell","CCEL","39198476","4.85","United States"
"702","Kala Pharmaceuticals","KALA","38520828","5.97","United States"
"703","Eagle Pharmaceuticals","EGRX","37578780","2.9","United States"
"704","Xilio Therapeutics","XLO","37542168","0.725","United States"
"705","Nanexa AB","NANEXA.ST","37504796","0.239024","Sweden"
"706","Rockwell Medical","RMTI","37341112","1.09","United States"
"707","Shattuck Labs","STTK","37148980","0.745","United States"
"708","Lava Therapeutics","LVTX","36827420","1.4","Netherlands"
"709","Telomir Pharmaceuticals","TELO","36012868","1.21","United States"
"710","Relief Therapeutics","RLF.SW","35514792","2.74226","Switzerland"
"711","Karyopharm Therapeutics","KPTI","35164396","4.07","United States"
"712","Generation Bio","GBIO","34952152","0.5214","United States"
"713","Incannex Healthcare","IXHL","34676668","0.3701","Australia"
"714","Renalytix","RENX.L","34575496","0.100664","United Kingdom"
"715","LianBio","LIAN","34472096","0.319","United States"
"716","genOway","ALGEN.PA","34227481","3.59712","France"
"717","Ovid Therapeutics","OVID","34082784","0.4793","United States"
"718","CAMP4 Therapeutics","CAMP","33460288","1.66","United States"
"719","AN2 Therapeutics","ANTX","32891514","1.09","United States"
"720","FibroGen","FGEN","32617002","8.07","United States"
"721","Kezar Life Sciences","KZR","32583868","4.46","United States"
"722","OnKure Therapeutics","OKUR","32154754","2.38","United States"
"723","Rein Therapeutics","RNTX","31015180","1.4","United States"
"724","Allakos","ALLK","29743072","0.3291","United States"
"725","SCYNEXIS","SCYX","28875022","0.74","United States"
"726","Q32 Bio","QTTB","28298432","2.32","United States"
"727","GenSight Biologics","SIGHT.PA","27950125","0.146438","France"
"728","Scienture Holdings","SCNX","27282110","2.08","United States"
"729","FibroBiologics","FBLG","27076566","0.69","United States"
"730","Rani Therapeutics","RANI","26877252","0.4169","United States"
"731","Boundless Bio","BOLD","26415006","1.18","United States"
"732","NanoViricides","NNVC","26358080","1.64","United States"
"733","ALX Oncology","ALXO","26294448","0.492","United States"
"734","Tempest Therapeutics","TPST","24561814","6.66","United States"
"735","Mangoceuticals","MGRX","24197700","1.58","United States"
"736","CytoMed Therapeutics","GDTC","23426200","2.03","Singapore"
"737","Sol-Gel Technologies","SLGL","23418770","8.4066","Israel"
"738","Cadrenal Therapeutics","CVKD","23344492","11.87","United States"
"739","Pulmatrix","PULM","23118932","6.33","United States"
"740","Longeveron","LGVN","23114322","1.54","United States"
"741","Elevation Oncology","ELEV","22231688","0.3752","United States"
"742","Cel-Sci","CVM","22189988","4.17","United States"
"743","Dare Bioscience","DARE","22125976","2.5","United States"
"744","Curis","CRIS","22081288","1.84","United States"
"745","Alligator Bioscience AB","ATORX.ST","21746392","0.585968","Sweden"
"746","BioAtla","BCAB","21649746","0.3706","United States"
"747","Precipio","PRPO","21455422","14.19","United States"
"748","LakeShore Biopharma","LSB","21370386","1.11","China"
"749","Aytu BioScience","AYTU","21365046","2.38","United States"
"750","VYNE Therapeutics","VYNE","20997720","1.2","United States"
"751","Cingulate","CING","20421864","4.81","United States"
"752","CASI Pharmaceuticals","CASI","19985712","1.29","United States"
"753","Synlogic","SYBX","19766410","1.69","United States"
"754","Relmada Therapeutics","RLMD","19752320","0.5951","United States"
"755","Rallybio","RLYB","18921886","0.4547","United States"
"756","Gelteq Limited","GELS","18752360","1.87","Australia"
"757","Nymox Pharmaceutical","NYMX","18253022","0.2","Bahamas"
"758","Passage Bio","PASG","18004130","5.77","United States"
"759","Pieris Pharmaceuticals","PIRS","17955264","13.6","United States"
"760","Citius Pharmaceuticals","CTXR","17823328","1.595","United States"
"761","Hoth Therapeutics","HOTH","17699926","1.34","United States"
"762","Aeterna Zentaris","AEZS","17512866","5.72","United States"
"763","BioLineRx","BLRX","17302650","4.65","Israel"
"764","Cocrystal Pharma","COCP","17193722","1.69","United States"
"765","Carisma Therapeutics","CARM","16518836","0.3953","United States"
"766","Psychemedics","PMD","15738209","2.67","United States"
"767","ProPhase Labs","PRPH","15511484","0.3734","United States"
"768","Athira Pharma","ATHA","15343663","0.393","United States"
"769","Equillium","EQ","15037825","0.421","United States"
"770","Eterna Therapeutics","ERNA","15016848","2.04","United States"
"771","Can Fite Biopharma","CANF","14909014","1.045","Israel"
"772","Leap Therapeutics","LPTX","14130869","0.341","United States"
"773","Bullfrog AI","BFRG","14123280","1.5","United States"
"774","Neuphoria Therapeutics","NEUP","14080900","7.49","United States"
"775","Aptorum Group","APM","14073207","1.97","Hong Kong"
"776","Minerva Neurosciences","NERV","13916886","1.99","United States"
"777","HOOKIPA Pharma","HOOK","13904922","1.14","United States"
"778","Lyra Therapeutics","LYRA","13665978","8.55","United States"
"779","Portage Biotech","PRTG","13603360","5.93","British Virgin Islands"
"780","Trinity Biotech","TRIB","13603223","0.7301","Ireland"
"781","23andMe","ME","13335447","0.6063","United States"
"782","TherapeuticsMD","TXMD","13310560","1.15","United States"
"783","Imunon","IMNN","12258754","0.6033","United States"
"784","BioNexus Gene Lab","BGLC","11911458","6.63","Malaysia"
"785","iBio","IBIO","11840089","0.73","United States"
"786","BioXcel Therapeutics","BTAI","11748737","1.94","United States"
"787","Phio Pharmaceuticals","PHIO","11659505","2.43","United States"
"788","BrainStorm Cell Therapeutics","BCLI","11511466","1.17","United States"
"789","Bionano Genomics","BNGO","11437600","3.4","United States"
"790","180 Life Sciences","ATNF","11051755","1.83","United States"
"791","Cyclerion Therapeutics","CYCN","10754039","3.02","United States"
"792","SeaStar Medical","ICU","10730888","0.6649","United States"
"793","X4 Pharmaceuticals","XFOR","10696352","1.49","United States"
"794","Oncodesign Precision Medicine","ALOPM.PA","10330141","0.568577","France"
"795","Evolva Holding SA","EVE.SW","10224315","1.41777","Switzerland"
"796","GlycoMimetics","GLYC","10131540","0.157","United States"
"797","bioAffinity Technologies","BIAF","9445708","0.3319","United States"
"798","Aprea Therapeutics","APRE","9237388","1.67","United States"
"799","Addex Therapeutics","ADXN","9217843","8.59","Switzerland"
"800","Talphera","TLPH","8816505","0.43","United States"
"801","AEON Biopharma","AEON","8806906","0.779","United States"
"802","Intensity Therapeutics","INTS","8695846","0.3335","United States"
"803","Biomerica","BMRA","8655584","3.4","United States"
"804","Turnstone Biologics","TSBX","8376933","0.362","United States"
"805","Biofrontera","BFRI","8038716","0.851","United States"
"806","Evoke Pharma","EVOK","7285137","4.61","United States"
"807","Adial Pharmaceuticals","ADIL","7099155","0.45","United States"
"808","Mainz Biomed","MYNZ","7019324","1.84","Germany"
"809","Tharimmune","THAR","6949932","1.65","United States"
"810","AIM ImmunoTech","AIM","6614047","8.655","United States"
"811","Alaunos Therapeutics","TCRT","6429307","3.26","United States"
"812","Titan Pharmaceuticals","TTNP","6274195","4.48","United States"
"813","Arcadia Biosciences","RKDA","6206361","4.54","United States"
"814","Sonoma Pharmaceuticals","SNOA","5881080","3.58","United States"
"815","Xenetic Biosciences","XBIO","5690496","3.69","United States"
"816","Redhill Biopharma","RDHL","5554723","2.42","Israel"
"817","Galmed Pharmaceuticals","GLMD","5261209","2.33","Israel"
"818","Quoin Pharmaceuticals","QNRX","5140579","8.74","United States"
"819","Ensysce Biosciences","ENSC","5120712","2.16","United States"
"820","Matinas BioPharma","MTNB","5086982","0.96","United States"
"821","Avalon GloboCare","ALBT","5010764","2.35","United States"
"822","Mallinckrodt Pharmaceuticals","MNK","4520986","0.3402","United Kingdom"
"823","Soligenix","SNGX","4439516","1.36","United States"
"824","Aptose Biosciences","APTO","4364655","1.71","Canada"
"825","Gamida Cell","GMDA","4337295","0.0327","Israel"
"826","Spruce Biosciences","SPRB","4250575","0.095","United States"
"827","Virax Biolabs","VRAX","3998945","0.92","United Kingdom"
"828","Azitra","AZTR","3919006","0.2275","United States"
"829","Imugene","IMU.AX","3785353","0.00922874","Australia"
"830","Organovo","ONVO","3672000","2.04","United States"
"831","Unity Biotechnology","UBX","3444161","0.2001","United States"
"832","Lipella Pharmaceuticals","LIPO","3305876","0.74","United States"
"833","Jaguar Health","JAGX","3072770","2.32","United States"
"834","PainReform","PRFX","2999578","1.49","Israel"
"835","Affimed","AFMD","2975202","0.1815","Germany"
"836","Applied DNA Sciences","APDN","2672850","5.15","United States"
"837","iSpecimen","ISPC","2571776","1.03","United States"
"838","Palatin Technologies","PTN","2447145","0.0941","United States"
"839","Vaccinex","VCNX","2328676","0.87","United States"
"840","Medigene AG","MDG1.DE","2321497","0.157522","Germany"
"841","Talis Biomedical","TLIS","2278525","1.25","United States"
"842","Ocean Biomedical","OCEA","1649791","0.0071","United States"
"843","Nuwellis","NUWE","1365195","0.1963","United States"
"844","Oragenics","OGEN","1176785","1.43","United States"
"845","Altamira Therapeutics","CYTO","1133556","0.3","Bermuda"
"846","Evofem Biosciences","EVFM","1091635","0.0092","United States"
"847","Biora Therapeutics","BIOR","994994","0.22","United States"
"848","Lucy Scientific Discovery","LSDI","906910","0.5139","Canada"
"849","Petros Pharmaceuticals","PTPI","897410","0.0288","United States"
"850","Trevena","TRVN","638625","0.7225","United States"
"851","NuCana","NCNA","548154","0.0885","United Kingdom"
"852","Hepion Pharmaceuticals","HEPA","440149","0.0401","United States"
"853","Viracta Therapeutics","VIRX","317953","0.008","United States"
"854","Syros Pharmaceuticals","SYRS","297840","0.0111","United States"
"855","Vincerx Pharma","VINC","272558","0.05","United States"
"856","Telesis Bio","TBIO","42620","0.024","United States"
"857","Calithera Biosciences","CALA","24362","0.0001","United States"
"858","Vaxxinity","VAXX","12678","0.0001","United States"
"859","PaxMedica","PXMD","12563","0.0001","United States"
"860","eFFECTOR Therapeutics","EFTR","941","0.0002","United States"
